{"cameraMode":{"drawMode":0,"name":"Shaded","section":"Shading Mode"},"sceneLighting":true,"audioPlay":false,"sceneViewState":{"showFog":true,"showMaterialUpdate":false,"showSkybox":true,"showFlares":true,"showImageEffects":true,"showParticleSystems":true},"in2DMode":false,"pivot":{"x":27.602521896362306,"y":-8.285961151123047,"z":-2.111593246459961},"rotation":{"x":-0.10584431886672974,"y":-0.7597839832305908,"z":0.12792764604091645,"w":-0.6286217570304871},"size":22.753446578979493,"orthographic":false}