{"cameraMode":{"drawMode":0,"name":"Shaded","section":"Shading Mode"},"sceneLighting":false,"audioPlay":false,"sceneViewState":{"showFog":true,"showMaterialUpdate":false,"showSkybox":true,"showFlares":true,"showImageEffects":true,"showParticleSystems":true},"in2DMode":false,"pivot":{"x":-14.360453605651856,"y":2.544882297515869,"z":20.05758285522461},"rotation":{"x":0.09012516587972641,"y":0.039714619517326358,"z":-0.003506906796246767,"w":0.9951932430267334},"size":3.8233654499053957,"orthographic":false}