{"cameraMode":{"drawMode":0,"name":"Shaded","section":"Shading Mode"},"sceneLighting":false,"audioPlay":false,"sceneViewState":{"showFog":true,"showMaterialUpdate":false,"showSkybox":true,"showFlares":true,"showImageEffects":true,"showParticleSystems":true},"in2DMode":false,"pivot":{"x":21.627487182617189,"y":-19.67477035522461,"z":-6.331540107727051},"rotation":{"x":0.17268814146518708,"y":0.7974045276641846,"z":-0.2678464353084564,"w":0.512624979019165},"size":24.90997886657715,"orthographic":false}