{"cameraMode":{"drawMode":0,"name":"Shaded","section":"Shading Mode"},"sceneLighting":false,"audioPlay":false,"sceneViewState":{"showFog":true,"showMaterialUpdate":false,"showSkybox":true,"showFlares":true,"showImageEffects":true,"showParticleSystems":true},"in2DMode":false,"pivot":{"x":7.432446002960205,"y":-1.5499639511108399,"z":-0.7122278213500977},"rotation":{"x":-0.32504355907440188,"y":-0.4670391082763672,"z":0.18966160714626313,"w":-0.800223708152771},"size":7.425108432769775,"orthographic":false}