{"cameraMode":{"drawMode":0,"name":"Shaded","section":"Shading Mode"},"sceneLighting":false,"audioPlay":false,"sceneViewState":{"showFog":true,"showMaterialUpdate":false,"showSkybox":true,"showFlares":true,"showImageEffects":true,"showParticleSystems":true},"in2DMode":false,"pivot":{"x":-40.790260314941409,"y":-44.67565155029297,"z":61.161102294921878},"rotation":{"x":0.2837609052658081,"y":-0.2193063348531723,"z":0.06684543192386627,"w":0.9311302900314331},"size":48.8133544921875,"orthographic":false}