{"cameraMode":{"drawMode":0,"name":"Shaded","section":"Shading Mode"},"sceneLighting":false,"audioPlay":false,"sceneViewState":{"showFog":true,"showMaterialUpdate":false,"showSkybox":true,"showFlares":true,"showImageEffects":true,"showParticleSystems":true},"in2DMode":false,"pivot":{"x":16.67365074157715,"y":-3.6756417751312258,"z":13.643610000610352},"rotation":{"x":-0.24410176277160645,"y":-0.3685591518878937,"z":0.1009255051612854,"w":-0.8913120627403259},"size":7.031233787536621,"orthographic":false}