{"cameraMode":{"drawMode":0,"name":"Shaded","section":"Shading Mode"},"sceneLighting":false,"audioPlay":false,"sceneViewState":{"showFog":true,"showMaterialUpdate":false,"showSkybox":true,"showFlares":true,"showImageEffects":true,"showParticleSystems":true},"in2DMode":false,"pivot":{"x":7.243203163146973,"y":-0.8810386657714844,"z":9.145980834960938},"rotation":{"x":-0.23499153554439546,"y":-0.6168333292007446,"z":0.20017684996128083,"w":-0.7240726947784424},"size":8.546608924865723,"orthographic":false}