{"cameraMode":{"drawMode":0,"name":"Shaded","section":"Shading Mode"},"sceneLighting":false,"audioPlay":false,"sceneViewState":{"showFog":true,"showMaterialUpdate":false,"showSkybox":true,"showFlares":true,"showImageEffects":true,"showParticleSystems":true},"in2DMode":false,"pivot":{"x":13.416181564331055,"y":-6.646577835083008,"z":7.686240196228027},"rotation":{"x":-0.47002559900283816,"y":-0.3312511742115021,"z":0.19600817561149598,"w":-0.7943373918533325},"size":6.711126804351807,"orthographic":false}