{"cameraMode":{"drawMode":0,"name":"Shaded","section":"Shading Mode"},"sceneLighting":false,"audioPlay":false,"sceneViewState":{"showFog":true,"showMaterialUpdate":false,"showSkybox":true,"showFlares":true,"showImageEffects":true,"showParticleSystems":true},"in2DMode":false,"pivot":{"x":37.072940826416019,"y":-5.593374252319336,"z":44.04951477050781},"rotation":{"x":-0.13887231051921845,"y":-0.39138948917388918,"z":0.05987348034977913,"w":-0.9077301621437073},"size":47.78376770019531,"orthographic":false}