{"cameraMode":{"drawMode":0,"name":"Shaded","section":"Shading Mode"},"sceneLighting":false,"audioPlay":false,"sceneViewState":{"showFog":true,"showMaterialUpdate":false,"showSkybox":true,"showFlares":true,"showImageEffects":true,"showParticleSystems":true},"in2DMode":false,"pivot":{"x":8.507867813110352,"y":12.403387069702149,"z":-6.897780418395996},"rotation":{"x":-0.05255088582634926,"y":-0.8160997033119202,"z":0.07512787729501724,"w":-0.570636510848999},"size":12.127765655517579,"orthographic":false}