{"cameraMode":{"drawMode":0,"name":"Shaded","section":"Shading Mode"},"sceneLighting":true,"audioPlay":false,"sceneViewState":{"showFog":false,"showMaterialUpdate":false,"showSkybox":false,"showFlares":false,"showImageEffects":false,"showParticleSystems":false},"in2DMode":false,"pivot":{"x":16.124835968017579,"y":-1.4289240837097169,"z":11.178545951843262},"rotation":{"x":-0.23320093750953675,"y":-0.48513200879096987,"z":0.13597768545150758,"w":-0.8318504095077515},"size":4.76793909072876,"orthographic":false}