{"cameraMode":{"drawMode":0,"name":"Shaded","section":"Shading Mode"},"sceneLighting":false,"audioPlay":false,"sceneViewState":{"showFog":true,"showMaterialUpdate":false,"showSkybox":true,"showFlares":true,"showImageEffects":true,"showParticleSystems":true},"in2DMode":false,"pivot":{"x":32.18081283569336,"y":-6.539371490478516,"z":21.060909271240236},"rotation":{"x":-0.10596644133329392,"y":-0.5043896436691284,"z":0.06247071176767349,"w":-0.8547681570053101},"size":20.982662200927736,"orthographic":false}