{"cameraMode":{"drawMode":0,"name":"Shaded","section":"Shading Mode"},"sceneLighting":true,"audioPlay":false,"sceneViewState":{"showFog":true,"showMaterialUpdate":false,"showSkybox":true,"showFlares":true,"showImageEffects":true,"showParticleSystems":true},"in2DMode":false,"pivot":{"x":56.43375778198242,"y":-11.392302513122559,"z":0.67071533203125},"rotation":{"x":0.1317090541124344,"y":0.5717877149581909,"z":-0.09363043308258057,"w":0.8043301701545715},"size":36.04865264892578,"orthographic":false}