{"cameraMode":{"drawMode":0,"name":"Shaded","section":"Shading Mode"},"sceneLighting":true,"audioPlay":false,"sceneViewState":{"showFog":true,"showMaterialUpdate":false,"showSkybox":true,"showFlares":true,"showImageEffects":true,"showParticleSystems":true},"in2DMode":false,"pivot":{"x":-1.9828455448150635,"y":-2.913501739501953,"z":95.72478485107422},"rotation":{"x":-0.11555089056491852,"y":0.0005931212217546999,"z":-0.00006901214510435238,"w":-0.993301272392273},"size":6.739631652832031,"orthographic":false}