{"cameraMode":{"drawMode":0,"name":"Shaded","section":"Shading Mode"},"sceneLighting":true,"audioPlay":false,"sceneViewState":{"showFog":true,"showMaterialUpdate":false,"showSkybox":true,"showFlares":true,"showImageEffects":true,"showParticleSystems":true},"in2DMode":false,"pivot":{"x":-14.694129943847657,"y":5.425913333892822,"z":9.362920761108399},"rotation":{"x":0.0378267876803875,"y":0.6876922845840454,"z":0.03592357039451599,"w":-0.7241263389587402},"size":10.0,"orthographic":false}