{"cameraMode":{"drawMode":0,"name":"Shaded","section":"Shading Mode"},"sceneLighting":true,"audioPlay":false,"sceneViewState":{"showFog":true,"showMaterialUpdate":false,"showSkybox":true,"showFlares":true,"showImageEffects":true,"showParticleSystems":true},"in2DMode":false,"pivot":{"x":-7.6057939529418949,"y":-0.6886002421379089,"z":90.0},"rotation":{"x":0.15728263556957246,"y":0.3800813853740692,"z":-0.06575387716293335,"w":0.9091125130653381},"size":1.5322779417037964,"orthographic":false}