{"cameraMode":{"drawMode":0,"name":"Shaded","section":"Shading Mode"},"sceneLighting":true,"audioPlay":false,"sceneViewState":{"showFog":true,"showMaterialUpdate":false,"showSkybox":true,"showFlares":true,"showImageEffects":true,"showParticleSystems":true},"in2DMode":false,"pivot":{"x":56.186241149902347,"y":-9.095663070678711,"z":-10.462089538574219},"rotation":{"x":0.08076665550470352,"y":0.9182847738265991,"z":-0.25148966908454897,"w":0.29496797919273379},"size":14.738527297973633,"orthographic":false}