{"cameraMode":{"drawMode":0,"name":"Shaded","section":"Shading Mode"},"sceneLighting":false,"audioPlay":false,"sceneViewState":{"showFog":true,"showMaterialUpdate":false,"showSkybox":false,"showFlares":true,"showImageEffects":true,"showParticleSystems":true},"in2DMode":false,"pivot":{"x":2.4303293228149416,"y":6.053936958312988,"z":6.623043060302734},"rotation":{"x":0.05978591740131378,"y":0.9320958256721497,"z":0.1808948963880539,"w":-0.3080582618713379},"size":18.150991439819337,"orthographic":false}