{"cameraMode":{"drawMode":0,"name":"Shaded","section":"Shading Mode"},"sceneLighting":true,"audioPlay":false,"sceneViewState":{"showFog":true,"showMaterialUpdate":false,"showSkybox":true,"showFlares":true,"showImageEffects":true,"showParticleSystems":true},"in2DMode":false,"pivot":{"x":-3.6557188034057619,"y":8.833224296569825,"z":21.733612060546876},"rotation":{"x":0.16242648661136628,"y":-0.06448088586330414,"z":0.010634754784405232,"w":0.9845691323280335},"size":6.404255390167236,"orthographic":false}