{"cameraMode":{"drawMode":0,"name":"Shaded","section":"Shading Mode"},"sceneLighting":true,"audioPlay":false,"sceneViewState":{"showFog":true,"showMaterialUpdate":false,"showSkybox":true,"showFlares":true,"showImageEffects":true,"showParticleSystems":true},"in2DMode":false,"pivot":{"x":6.216412544250488,"y":7.0025482177734379,"z":8.736356735229493},"rotation":{"x":0.1755758672952652,"y":0.6721107363700867,"z":-0.16875582933425904,"w":0.6992629170417786},"size":3.6323914527893068,"orthographic":false}