{"cameraMode":{"drawMode":0,"name":"Shaded","section":"Shading Mode"},"sceneLighting":true,"audioPlay":false,"sceneViewState":{"showFog":true,"showMaterialUpdate":false,"showSkybox":true,"showFlares":true,"showImageEffects":true,"showParticleSystems":true},"in2DMode":false,"pivot":{"x":3.972320079803467,"y":-5.576716423034668,"z":3.2900257110595705},"rotation":{"x":-0.17001911997795106,"y":-0.8169418573379517,"z":0.46180853247642519,"w":-0.3007965385913849},"size":8.27782917022705,"orthographic":false}