{"cameraMode":{"drawMode":0,"name":"Shaded","section":"Shading Mode"},"sceneLighting":true,"audioPlay":false,"sceneViewState":{"showFog":true,"showMaterialUpdate":false,"showSkybox":true,"showFlares":true,"showImageEffects":true,"showParticleSystems":true},"in2DMode":false,"pivot":{"x":-4.490299224853516,"y":0.8768467903137207,"z":4.111311435699463},"rotation":{"x":-0.12519678473472596,"y":-0.7365095019340515,"z":0.14206372201442719,"w":-0.6494472026824951},"size":3.5341081619262697,"orthographic":false}