{"cameraMode":{"drawMode":0,"name":"Shaded","section":"Shading Mode"},"sceneLighting":true,"audioPlay":false,"sceneViewState":{"showFog":true,"showMaterialUpdate":false,"showSkybox":true,"showFlares":true,"showImageEffects":true,"showParticleSystems":true},"in2DMode":false,"pivot":{"x":-1.36179780960083,"y":1.8197323083877564,"z":6.7709808349609379},"rotation":{"x":-0.05335216969251633,"y":0.8387187123298645,"z":-0.08356782048940659,"w":-0.5354635715484619},"size":19.636743545532228,"orthographic":false}