{"cameraMode":{"drawMode":0,"name":"Shaded","section":"Shading Mode"},"sceneLighting":true,"audioPlay":false,"sceneViewState":{"showFog":true,"showMaterialUpdate":false,"showSkybox":true,"showFlares":true,"showImageEffects":true,"showParticleSystems":true},"in2DMode":false,"pivot":{"x":-41.702579498291019,"y":-1.1325416564941407,"z":-28.33468246459961},"rotation":{"x":-0.06827505677938461,"y":0.8944529891014099,"z":-0.1464669555425644,"w":-0.4169446527957916},"size":28.1699275970459,"orthographic":false}