{"cameraMode":{"drawMode":0,"name":"Shaded","section":"Shading Mode"},"sceneLighting":true,"audioPlay":false,"sceneViewState":{"showFog":true,"showMaterialUpdate":false,"showSkybox":true,"showFlares":true,"showImageEffects":true,"showParticleSystems":true},"in2DMode":false,"pivot":{"x":7.326972961425781,"y":-10.333208084106446,"z":100.8963623046875},"rotation":{"x":0.19406187534332276,"y":0.3904603123664856,"z":-0.08457628637552262,"w":0.895954430103302},"size":4.237753868103027,"orthographic":false}