{"cameraMode":{"drawMode":0,"name":"Shaded","section":"Shading Mode"},"sceneLighting":true,"audioPlay":false,"sceneViewState":{"showFog":true,"showMaterialUpdate":false,"showSkybox":true,"showFlares":true,"showImageEffects":true,"showParticleSystems":true},"in2DMode":false,"pivot":{"x":-2.418670654296875,"y":-6.030948162078857,"z":11.540578842163086},"rotation":{"x":-0.2710839807987213,"y":0.14570237696170808,"z":-0.04155205935239792,"w":-0.9505568742752075},"size":12.309179306030274,"orthographic":false}